<?xml version="1.0" encoding="UTF-8"?>
<project-private xmlns="http://www.netbeans.org/ns/project-private/1">
    <editor-bookmarks xmlns="http://www.netbeans.org/ns/editor-bookmarks/2" lastBookmarkId="0"/>
    <open-files xmlns="http://www.netbeans.org/ns/projectui-open-files/2">
        <group>
            <file>file:/C:/xampp/htdocs/pos/application/views/purchase/index.php</file>
            <file>file:/C:/xampp/htdocs/pos/application/models/purchase/Purchase_model.php</file>
            <file>file:/C:/xampp/htdocs/pos/application/controllers/purchase/Purchase.php</file>
            <file>file:/C:/xampp/htdocs/pos/application/models/catagory/Catagory_model.php</file>
        </group>
    </open-files>
</project-private>
